日付,曜日,時間,SNS,動画,YouTubeタイトル,投稿文,固定コメント,予約済み
2026/11/17,火,17:50,TikTok,1_1117火_バズ_POV型.mp4,,"定時5分前の「ちょっといい？」ほど怖いものはない

#POV #定時退社 #会社員あるある #LINEスタンプ #定時で帰りたい書類","このスタンプは「定時で帰りたい書類」で検索すると出てきます📄
プロフのリンクからも見られます",
2026/11/17,火,17:50,YouTube,1_1117火_バズ_POV型.mp4,POV：定時5分前に上司から「ちょっといい？」 #shorts,"定時5分前の「ちょっといい？」ほど怖いものはない。

▼スタンプ「定時で帰りたい書類」
(ここにスタンプショップのURL)
#会社員あるある #定時退社 #LINEスタンプ","スタンプはこちら📄
(ここにスタンプショップのURL)
「定時で帰りたい書類」で検索しても出てきます",
2026/11/17,火,17:50,Instagram,1_1117火_バズ_POV型.mp4,,"定時5分前の「ちょっといい？」で心が止まる人🙋
「明日でいいや」で生き返る人🙋

このスタンプは「定時で帰りたい書類」で検索すると出てきます📄

#会社員あるある #定時退社 #POV #LINEスタンプ #定時で帰りたい書類",,
2026/11/18,水,12:10,TikTok,2_1118水_バズ_あるある連打型.mp4,,"定時で帰りたい人の最後の5分、速すぎる
何個当てはまった？

#あるある #定時退社 #会社員あるある #LINEスタンプ #定時で帰りたい書類","このスタンプは「定時で帰りたい書類」で検索すると出てきます📄
プロフのリンクからも見られます",
2026/11/18,水,12:10,YouTube,2_1118水_バズ_あるある連打型.mp4,定時で帰りたい人あるある【最後の5分】 #shorts,"17:55 急に話しかけられる → 18:00:30 お先に失礼します。
何個当てはまりましたか？

▼スタンプ「定時で帰りたい書類」
(ここにスタンプショップのURL)
#あるある #定時退社 #LINEスタンプ","スタンプはこちら📄
(ここにスタンプショップのURL)
「定時で帰りたい書類」で検索しても出てきます",
2026/11/18,水,12:10,Instagram,2_1118水_バズ_あるある連打型.mp4,,"定時で帰りたい人の、最後の5分📄
何個当てはまったかコメントで教えて👇

このスタンプは「定時で帰りたい書類」で検索すると出てきます

#あるある #定時退社 #会社員あるある #LINEスタンプ #定時で帰りたい書類",,
2026/11/19,木,21:00,TikTok,3_1119木_バズ_会話ドラマ型.mp4,,"「定時で帰っていいよ」を信じてはいけない
続きがありそうな上司、いる？

#会社員あるある #上司 #定時退社 #LINEスタンプ #定時で帰りたい書類","このスタンプは「定時で帰りたい書類」で検索すると出てきます📄
プロフのリンクからも見られます",
2026/11/19,木,21:00,YouTube,3_1119木_バズ_会話ドラマ型.mp4,「今日は定時で帰っていいよ」を信じた結果 #shorts,"「今日は定時で帰っていいよ」→「あ、その前にこれだけ…」→「明日の朝までにお願いね」

▼スタンプ「定時で帰りたい書類」
(ここにスタンプショップのURL)
#会社員あるある #上司 #LINEスタンプ","スタンプはこちら📄
(ここにスタンプショップのURL)
「定時で帰りたい書類」で検索しても出てきます",
2026/11/19,木,21:00,Instagram,3_1119木_バズ_会話ドラマ型.mp4,,"「今日は定時で帰っていいよ」
→「あ、その前にこれだけ…」
→「明日の朝までにお願いね」

こういう上司、いませんか？📄
このスタンプは「定時で帰りたい書類」で検索すると出てきます

#会社員あるある #上司 #定時退社 #LINEスタンプ #定時で帰りたい書類",,
2026/11/20,金,7:30,TikTok,4_1120金_バズ_どっち派型.mp4,,"上司に送るならAとBどっち？👇
Aを送れる人は勇者

#どっち派 #会社員あるある #定時退社 #LINEスタンプ #定時で帰りたい書類","このスタンプは「定時で帰りたい書類」で検索すると出てきます📄
プロフのリンクからも見られます",
2026/11/20,金,7:30,YouTube,4_1120金_バズ_どっち派型.mp4,定時に帰るとき上司に送るならどっち？A or B #shorts,"A 定時です！/B お先に失礼します
コメントでAかBか教えてください。

▼スタンプ「定時で帰りたい書類」
(ここにスタンプショップのURL)
#どっち派 #会社員あるある #LINEスタンプ","スタンプはこちら📄
(ここにスタンプショップのURL)
「定時で帰りたい書類」で検索しても出てきます",
2026/11/20,金,7:30,Instagram,4_1120金_バズ_どっち派型.mp4,,"定時に帰るとき、上司に送るなら？📄

A 定時です！
B お先に失礼します

コメントでAかBか教えてください👇
このスタンプは「定時で帰りたい書類」で検索すると出てきます

#どっち派 #会社員あるある #定時退社 #LINEスタンプ #定時で帰りたい書類",,
2026/11/21,土,8:00,TikTok,5_1121土_バズ_ループ型.mp4,,"これを毎日くり返してる
何周目で気づいた？

#ループ #会社員 #定時退社 #LINEスタンプ #定時で帰りたい書類","このスタンプは「定時で帰りたい書類」で検索すると出てきます📄
プロフのリンクからも見られます",
2026/11/21,土,8:00,YouTube,5_1121土_バズ_ループ型.mp4,会社員の1日、これを永遠にくり返してる #shorts,"おはよう → 確認します → 定時です！ → また明日 → おはよう…
何周目で気づきましたか？

▼スタンプ「定時で帰りたい書類」
(ここにスタンプショップのURL)
#会社員 #定時退社 #LINEスタンプ","スタンプはこちら📄
(ここにスタンプショップのURL)
「定時で帰りたい書類」で検索しても出てきます",
2026/11/21,土,8:00,Instagram,5_1121土_バズ_ループ型.mp4,,"おはよう → 確認します → 定時です！ → また明日
これを毎日くり返してる📄

何周目で気づいたかコメントで教えて👇
このスタンプは「定時で帰りたい書類」で検索すると出てきます

#ループ #会社員 #定時退社 #LINEスタンプ #定時で帰りたい書類",,
